/*
 Navicat Premium Data Transfer

 Source Server         : localhost
 Source Server Type    : MySQL
 Source Server Version : 100128
 Source Host           : localhost:3306
 Source Schema         : dinkes

 Target Server Type    : MySQL
 Target Server Version : 100128
 File Encoding         : 65001

 Date: 29/05/2019 10:18:34
*/

SET NAMES utf8mb4;
SET FOREIGN_KEY_CHECKS = 0;

-- ----------------------------
-- Table structure for daftaralat03
-- ----------------------------
DROP TABLE IF EXISTS `daftaralat03`;
CREATE TABLE `daftaralat03`  (
  `DAID` int(11) NOT NULL AUTO_INCREMENT,
  `FID3` int(11) NULL DEFAULT NULL,
  `DANAMAALAT` varchar(100) CHARACTER SET latin1 COLLATE latin1_swedish_ci NULL DEFAULT NULL,
  `DAJML` int(11) NULL DEFAULT NULL,
  `DAKALIBRASI` varchar(100) CHARACTER SET latin1 COLLATE latin1_swedish_ci NULL DEFAULT NULL,
  `DAKEADAAN` varchar(20) CHARACTER SET latin1 COLLATE latin1_swedish_ci NULL DEFAULT NULL,
  PRIMARY KEY (`DAID`) USING BTREE
) ENGINE = InnoDB AUTO_INCREMENT = 1 CHARACTER SET = latin1 COLLATE = latin1_swedish_ci ROW_FORMAT = Compact;

-- ----------------------------
-- Table structure for daftaralat13
-- ----------------------------
DROP TABLE IF EXISTS `daftaralat13`;
CREATE TABLE `daftaralat13`  (
  `DAID2` int(11) NOT NULL AUTO_INCREMENT,
  `FID13` int(11) NULL DEFAULT NULL,
  `DANAMAALAT2` varchar(100) CHARACTER SET latin1 COLLATE latin1_swedish_ci NULL DEFAULT NULL,
  `DAJML2` int(11) NULL DEFAULT NULL,
  `DAKALIBRASI2` varchar(100) CHARACTER SET latin1 COLLATE latin1_swedish_ci NULL DEFAULT NULL,
  `DAKEADAAN2` varchar(20) CHARACTER SET latin1 COLLATE latin1_swedish_ci NULL DEFAULT NULL,
  PRIMARY KEY (`DAID2`) USING BTREE
) ENGINE = InnoDB AUTO_INCREMENT = 1 CHARACTER SET = latin1 COLLATE = latin1_swedish_ci ROW_FORMAT = Compact;

-- ----------------------------
-- Table structure for dokterjenis
-- ----------------------------
DROP TABLE IF EXISTS `dokterjenis`;
CREATE TABLE `dokterjenis`  (
  `DOKID` int(11) NOT NULL AUTO_INCREMENT,
  `DOKJENIS` varchar(55) CHARACTER SET latin1 COLLATE latin1_swedish_ci NULL DEFAULT NULL,
  PRIMARY KEY (`DOKID`) USING BTREE
) ENGINE = InnoDB AUTO_INCREMENT = 5 CHARACTER SET = latin1 COLLATE = latin1_swedish_ci ROW_FORMAT = Compact;

-- ----------------------------
-- Records of dokterjenis
-- ----------------------------
INSERT INTO `dokterjenis` VALUES (1, 'Dokter Umum');
INSERT INTO `dokterjenis` VALUES (2, 'Dokter Spesialis');
INSERT INTO `dokterjenis` VALUES (3, 'Dokter Gigi');
INSERT INTO `dokterjenis` VALUES (4, 'Dokter Gigi Spesialis');

-- ----------------------------
-- Table structure for dokterpraktek
-- ----------------------------
DROP TABLE IF EXISTS `dokterpraktek`;
CREATE TABLE `dokterpraktek`  (
  `DOKPRAKID` int(11) NOT NULL AUTO_INCREMENT,
  `FID4` int(11) NULL DEFAULT NULL,
  `DOKPRAKNAMASARANA` varchar(100) CHARACTER SET latin1 COLLATE latin1_swedish_ci NULL DEFAULT NULL,
  `DOKPRAKALAMAT` varchar(100) CHARACTER SET latin1 COLLATE latin1_swedish_ci NULL DEFAULT NULL,
  `DOKPRAKHARI` varchar(55) CHARACTER SET latin1 COLLATE latin1_swedish_ci NULL DEFAULT NULL,
  `DOKPRAKJAM` varchar(55) CHARACTER SET latin1 COLLATE latin1_swedish_ci NULL DEFAULT NULL,
  PRIMARY KEY (`DOKPRAKID`) USING BTREE
) ENGINE = InnoDB AUTO_INCREMENT = 1 CHARACTER SET = latin1 COLLATE = latin1_swedish_ci ROW_FORMAT = Compact;

-- ----------------------------
-- Table structure for formulir01
-- ----------------------------
DROP TABLE IF EXISTS `formulir01`;
CREATE TABLE `formulir01`  (
  `FID1` int(11) NOT NULL AUTO_INCREMENT,
  `STPID` int(11) NULL DEFAULT NULL,
  `PNIK` varchar(20) CHARACTER SET latin1 COLLATE latin1_swedish_ci NULL DEFAULT NULL,
  `FNAMAGELAR1` varchar(100) CHARACTER SET latin1 COLLATE latin1_swedish_ci NULL DEFAULT NULL,
  `FLULUSAN1` varchar(100) CHARACTER SET latin1 COLLATE latin1_swedish_ci NULL DEFAULT NULL,
  `FNOSTR1` varchar(50) CHARACTER SET latin1 COLLATE latin1_swedish_ci NULL DEFAULT NULL,
  `FNOHP1` varchar(15) CHARACTER SET latin1 COLLATE latin1_swedish_ci NULL DEFAULT NULL,
  `FTMPTPRKTK1` varchar(100) CHARACTER SET latin1 COLLATE latin1_swedish_ci NULL DEFAULT NULL,
  `FFANYAKES1` varchar(100) CHARACTER SET latin1 COLLATE latin1_swedish_ci NULL DEFAULT NULL,
  `FALMTFNYKES1` varchar(100) CHARACTER SET latin1 COLLATE latin1_swedish_ci NULL DEFAULT NULL,
  `FFTKPKTP1` varchar(100) CHARACTER SET latin1 COLLATE latin1_swedish_ci NULL DEFAULT NULL,
  `FFTKPSTR1` varchar(100) CHARACTER SET latin1 COLLATE latin1_swedish_ci NULL DEFAULT NULL,
  `FSRTSEHAT1` varchar(100) CHARACTER SET latin1 COLLATE latin1_swedish_ci NULL DEFAULT NULL,
  `FSRTKETFANYAKES1` varchar(100) CHARACTER SET latin1 COLLATE latin1_swedish_ci NULL DEFAULT NULL,
  `FSRTREKOMORGPROF1` varchar(100) CHARACTER SET latin1 COLLATE latin1_swedish_ci NULL DEFAULT NULL,
  `FFTKPSIP1` varchar(100) CHARACTER SET latin1 COLLATE latin1_swedish_ci NULL DEFAULT NULL,
  `FFOTO1` varchar(100) CHARACTER SET latin1 COLLATE latin1_swedish_ci NULL DEFAULT NULL,
  `FTGL1` date NULL DEFAULT NULL,
  `FNOREKOMSIP1` varchar(35) CHARACTER SET latin1 COLLATE latin1_swedish_ci NULL DEFAULT NULL,
  `FNOREKOMPATELKI1` varchar(35) CHARACTER SET latin1 COLLATE latin1_swedish_ci NULL DEFAULT NULL,
  `FNOSTRATLM` varchar(35) CHARACTER SET latin1 COLLATE latin1_swedish_ci NULL DEFAULT NULL,
  `FMASABERLAKU1` date NULL DEFAULT NULL,
  `FTGLSURATREKOM1` date NULL DEFAULT NULL,
  `FNOSIP1` varchar(35) CHARACTER SET latin1 COLLATE latin1_swedish_ci NULL DEFAULT NULL,
  `FTMPTPRAKTEK1` varchar(45) CHARACTER SET latin1 COLLATE latin1_swedish_ci NULL DEFAULT NULL,
  `FALAMATPRAKTEK1` varchar(100) CHARACTER SET latin1 COLLATE latin1_swedish_ci NULL DEFAULT NULL,
  `FTGLBERLAKU1` date NULL DEFAULT NULL,
  `FTGLSIP1` date NULL DEFAULT NULL,
  PRIMARY KEY (`FID1`) USING BTREE
) ENGINE = InnoDB AUTO_INCREMENT = 12 CHARACTER SET = latin1 COLLATE = latin1_swedish_ci ROW_FORMAT = Compact;

-- ----------------------------
-- Records of formulir01
-- ----------------------------
INSERT INTO `formulir01` VALUES (11, 1, '3213070105850009', 'Spd', 'STIKES', '12332434r3', '085853335400', '1', 'Puskesmas', 'Jalan Ahmad Yani', 'upload/berkas/4027b680a3aa7dbe5ff88ce99e73b7b9.jpg', 'upload/berkas/c73807d6c35b42c38aa20e55bcb72031.pdf', 'upload/berkas/5ec788a8c47fd4a5b3b8ac2c2c38580a.pdf', 'upload/berkas/4f767e182da1cd9acd39ede09281adf0.pdf', 'upload/berkas/3825a4ba0e43de687a49d83f267622fb.pdf', 'upload/berkas/c86fa537caca53f91e80136de687b3f7.pdf', 'upload/berkas/b7d09951619051e4a8439659015e8427.pdf', '2019-05-27', NULL, NULL, NULL, NULL, NULL, NULL, NULL, NULL, NULL, NULL);

-- ----------------------------
-- Table structure for formulir02
-- ----------------------------
DROP TABLE IF EXISTS `formulir02`;
CREATE TABLE `formulir02`  (
  `FID2` int(11) NOT NULL AUTO_INCREMENT,
  `PNIK` varchar(20) CHARACTER SET latin1 COLLATE latin1_swedish_ci NULL DEFAULT NULL,
  `STPID` int(11) NULL DEFAULT NULL,
  `FNAMAGELAR2` varchar(100) CHARACTER SET latin1 COLLATE latin1_swedish_ci NULL DEFAULT NULL,
  `FLULUSAN2` varchar(100) CHARACTER SET latin1 COLLATE latin1_swedish_ci NULL DEFAULT NULL,
  `FNOSTR2` varchar(50) CHARACTER SET latin1 COLLATE latin1_swedish_ci NULL DEFAULT NULL,
  `FNOHP2` varchar(15) CHARACTER SET latin1 COLLATE latin1_swedish_ci NULL DEFAULT NULL,
  `FTMPTPRKTK2` varchar(100) CHARACTER SET latin1 COLLATE latin1_swedish_ci NULL DEFAULT NULL,
  `FFANYAKES2` varchar(100) CHARACTER SET latin1 COLLATE latin1_swedish_ci NULL DEFAULT NULL,
  `FALMTFNYKES2` varchar(100) CHARACTER SET latin1 COLLATE latin1_swedish_ci NULL DEFAULT NULL,
  `FFTKPKTP2` varchar(100) CHARACTER SET latin1 COLLATE latin1_swedish_ci NULL DEFAULT NULL,
  `FFTKPSTR2` varchar(100) CHARACTER SET latin1 COLLATE latin1_swedish_ci NULL DEFAULT NULL,
  `FSRTSEHAT2` varchar(100) CHARACTER SET latin1 COLLATE latin1_swedish_ci NULL DEFAULT NULL,
  `FSRTKETFANYAKES2` varchar(100) CHARACTER SET latin1 COLLATE latin1_swedish_ci NULL DEFAULT NULL,
  `FSRTREKOMORGPROF2` varchar(100) CHARACTER SET latin1 COLLATE latin1_swedish_ci NULL DEFAULT NULL,
  `FFTKPSIP2` varchar(100) CHARACTER SET latin1 COLLATE latin1_swedish_ci NULL DEFAULT NULL,
  `FFOTO2` varchar(100) CHARACTER SET latin1 COLLATE latin1_swedish_ci NULL DEFAULT NULL,
  `FTGL2` date NULL DEFAULT NULL,
  `FNOREKOMSIP2` varchar(35) CHARACTER SET latin1 COLLATE latin1_swedish_ci NULL DEFAULT NULL,
  `FNOREKOMIAI2` varchar(35) CHARACTER SET latin1 COLLATE latin1_swedish_ci NULL DEFAULT NULL,
  `FNOSTRA2` varchar(35) CHARACTER SET latin1 COLLATE latin1_swedish_ci NULL DEFAULT NULL,
  `FMASABERLAKU2` date NULL DEFAULT NULL,
  `FTGLSURATREKOM2` date NULL DEFAULT NULL,
  `FNOSIP2` varchar(35) CHARACTER SET latin1 COLLATE latin1_swedish_ci NULL DEFAULT NULL,
  `FTMPTPRAKTEK2` varchar(45) CHARACTER SET latin1 COLLATE latin1_swedish_ci NULL DEFAULT NULL,
  `FALAMATPRAKTEK2` varchar(100) CHARACTER SET latin1 COLLATE latin1_swedish_ci NULL DEFAULT NULL,
  `FHARIPRAKTEK2` varchar(45) CHARACTER SET latin1 COLLATE latin1_swedish_ci NULL DEFAULT NULL,
  `FJAMPRAKTEK` varchar(45) CHARACTER SET latin1 COLLATE latin1_swedish_ci NULL DEFAULT NULL,
  `FTGLBERLAKU2` date NULL DEFAULT NULL,
  `FTGLSIP2` date NULL DEFAULT NULL,
  PRIMARY KEY (`FID2`) USING BTREE
) ENGINE = InnoDB AUTO_INCREMENT = 2 CHARACTER SET = latin1 COLLATE = latin1_swedish_ci ROW_FORMAT = Compact;

-- ----------------------------
-- Records of formulir02
-- ----------------------------
INSERT INTO `formulir02` VALUES (1, '3213070105850009', 1, 'SPD', 'DHARMA', '1234', '086986757', '1', 'AAA', 'JL AA', 'upload/berkas/ae822e1785fb6b32c582af2018aa4736.jpg', 'upload/berkas/c5d389b8f2d8d3c37b90861e6d2429f8.pdf', 'upload/berkas/6b62c3b6dc1762deb8beb65cf77a8a6a.pdf', 'upload/berkas/67908cc8d4981746f5ad1f8a9fdfc326.pdf', 'upload/berkas/7798bb16e2e88b885f6726c19ae786aa.pdf', 'upload/berkas/c9621680588d4b3a79eb8dc93d7c15ef.pdf', 'upload/berkas/5fedab7fe441b5205a73dc93f8d2b96e.pdf', '0000-00-00', NULL, NULL, NULL, NULL, NULL, NULL, NULL, NULL, NULL, NULL, NULL, NULL);

-- ----------------------------
-- Table structure for formulir03
-- ----------------------------
DROP TABLE IF EXISTS `formulir03`;
CREATE TABLE `formulir03`  (
  `FID3` int(11) NOT NULL AUTO_INCREMENT,
  `PNIK` varchar(20) CHARACTER SET latin1 COLLATE latin1_swedish_ci NULL DEFAULT NULL,
  `STPID` int(11) NULL DEFAULT NULL,
  `FNAMAGELAR3` varchar(100) CHARACTER SET latin1 COLLATE latin1_swedish_ci NULL DEFAULT NULL,
  `FLULUSAN3` varchar(100) CHARACTER SET latin1 COLLATE latin1_swedish_ci NULL DEFAULT NULL,
  `FNOSTR3` varchar(50) CHARACTER SET latin1 COLLATE latin1_swedish_ci NULL DEFAULT NULL,
  `FNOHP3` varchar(15) CHARACTER SET latin1 COLLATE latin1_swedish_ci NULL DEFAULT NULL,
  `FTMPTPRKTK3` varchar(100) CHARACTER SET latin1 COLLATE latin1_swedish_ci NULL DEFAULT NULL,
  `FFANYAKES3` varchar(100) CHARACTER SET latin1 COLLATE latin1_swedish_ci NULL DEFAULT NULL,
  `FALMTFNYKES3` varchar(100) CHARACTER SET latin1 COLLATE latin1_swedish_ci NULL DEFAULT NULL,
  `FMANDIRI3` varchar(10) CHARACTER SET latin1 COLLATE latin1_swedish_ci NULL DEFAULT NULL,
  `FFTKPKTP3` varchar(100) CHARACTER SET latin1 COLLATE latin1_swedish_ci NULL DEFAULT NULL,
  `FFTKPSTR3` varchar(100) CHARACTER SET latin1 COLLATE latin1_swedish_ci NULL DEFAULT NULL,
  `FSRTSEHAT3` varchar(100) CHARACTER SET latin1 COLLATE latin1_swedish_ci NULL DEFAULT NULL,
  `FSRTKETFANYAKES3` varchar(100) CHARACTER SET latin1 COLLATE latin1_swedish_ci NULL DEFAULT NULL,
  `FSRTREKOMORGPROF3` varchar(100) CHARACTER SET latin1 COLLATE latin1_swedish_ci NULL DEFAULT NULL,
  `FFTKPSIP3` varchar(100) CHARACTER SET latin1 COLLATE latin1_swedish_ci NULL DEFAULT NULL,
  `FFOTO3` varchar(100) CHARACTER SET latin1 COLLATE latin1_swedish_ci NULL DEFAULT NULL,
  `FSURATPERNYATAAN3` varchar(35) CHARACTER SET latin1 COLLATE latin1_swedish_ci NULL DEFAULT NULL,
  `FPETALOKASI3` varchar(35) CHARACTER SET latin1 COLLATE latin1_swedish_ci NULL DEFAULT NULL,
  `FDENAHRUANG3` varchar(35) CHARACTER SET latin1 COLLATE latin1_swedish_ci NULL DEFAULT NULL,
  `FDFTRALAT3` varchar(35) CHARACTER SET latin1 COLLATE latin1_swedish_ci NULL DEFAULT NULL,
  `FSOP3` varchar(35) CHARACTER SET latin1 COLLATE latin1_swedish_ci NULL DEFAULT NULL,
  `FLIMBAHMEDIS3` varchar(35) CHARACTER SET latin1 COLLATE latin1_swedish_ci NULL DEFAULT NULL,
  `FTGL3` date NULL DEFAULT NULL,
  `FNOREKOMSIP3` varchar(35) CHARACTER SET latin1 COLLATE latin1_swedish_ci NULL DEFAULT NULL,
  `FNOREKOMIBI3` varchar(35) CHARACTER SET latin1 COLLATE latin1_swedish_ci NULL DEFAULT NULL,
  `FNOSTRB3` varchar(35) CHARACTER SET latin1 COLLATE latin1_swedish_ci NULL DEFAULT NULL,
  `FMASABERLAKU3` date NULL DEFAULT NULL,
  `FTGLSURATREKOM3` date NULL DEFAULT NULL,
  `FNOSIP3` varchar(35) CHARACTER SET latin1 COLLATE latin1_swedish_ci NULL DEFAULT NULL,
  `FTMPTPRAKTEK3` varchar(45) CHARACTER SET latin1 COLLATE latin1_swedish_ci NULL DEFAULT NULL,
  `FALAMATPRAKTEK3` varchar(100) CHARACTER SET latin1 COLLATE latin1_swedish_ci NULL DEFAULT NULL,
  `FTGLBERLAKU3` date NULL DEFAULT NULL,
  `FTGLSIP3` date NULL DEFAULT NULL,
  PRIMARY KEY (`FID3`) USING BTREE
) ENGINE = InnoDB AUTO_INCREMENT = 1 CHARACTER SET = latin1 COLLATE = latin1_swedish_ci ROW_FORMAT = Compact;

-- ----------------------------
-- Table structure for formulir04
-- ----------------------------
DROP TABLE IF EXISTS `formulir04`;
CREATE TABLE `formulir04`  (
  `FID4` int(11) NOT NULL AUTO_INCREMENT,
  `PNIK` varchar(20) CHARACTER SET latin1 COLLATE latin1_swedish_ci NULL DEFAULT NULL,
  `DOKID` int(11) NULL DEFAULT NULL,
  `STPID` int(11) NULL DEFAULT NULL,
  `FNAMAGELAR4` varchar(100) CHARACTER SET latin1 COLLATE latin1_swedish_ci NULL DEFAULT NULL,
  `FLULUSAN4` varchar(100) CHARACTER SET latin1 COLLATE latin1_swedish_ci NULL DEFAULT NULL,
  `FNOSTR4` varchar(50) CHARACTER SET latin1 COLLATE latin1_swedish_ci NULL DEFAULT NULL,
  `FNOREKOMOP4` varchar(35) CHARACTER SET latin1 COLLATE latin1_swedish_ci NULL DEFAULT NULL,
  `FNOHP4` varchar(15) CHARACTER SET latin1 COLLATE latin1_swedish_ci NULL DEFAULT NULL,
  `FFTKPKTP4` varchar(100) CHARACTER SET latin1 COLLATE latin1_swedish_ci NULL DEFAULT NULL,
  `FFTKPSTR4` varchar(100) CHARACTER SET latin1 COLLATE latin1_swedish_ci NULL DEFAULT NULL,
  `FSRTPRNYATAAN4` varchar(100) CHARACTER SET latin1 COLLATE latin1_swedish_ci NULL DEFAULT NULL,
  `FSRTREKOMORGPROF4` varchar(100) CHARACTER SET latin1 COLLATE latin1_swedish_ci NULL DEFAULT NULL,
  `FSRTPRSTUJUAN4` varchar(100) CHARACTER SET latin1 COLLATE latin1_swedish_ci NULL DEFAULT NULL,
  `FFOTO4` varchar(100) CHARACTER SET latin1 COLLATE latin1_swedish_ci NULL DEFAULT NULL,
  `FTGL4` date NULL DEFAULT NULL,
  `FMASABERLAKUSTR4` date NULL DEFAULT NULL,
  `FNOSIP4` varchar(35) CHARACTER SET latin1 COLLATE latin1_swedish_ci NULL DEFAULT NULL,
  `FTGLSIP4` date NULL DEFAULT NULL,
  PRIMARY KEY (`FID4`) USING BTREE
) ENGINE = InnoDB AUTO_INCREMENT = 1 CHARACTER SET = latin1 COLLATE = latin1_swedish_ci ROW_FORMAT = Compact;

-- ----------------------------
-- Table structure for formulir05
-- ----------------------------
DROP TABLE IF EXISTS `formulir05`;
CREATE TABLE `formulir05`  (
  `FID5` int(11) NOT NULL AUTO_INCREMENT,
  `STPID` int(11) NULL DEFAULT NULL,
  `PNIK` varchar(20) CHARACTER SET latin1 COLLATE latin1_swedish_ci NULL DEFAULT NULL,
  `FNAMAGELAR5` varchar(100) CHARACTER SET latin1 COLLATE latin1_swedish_ci NULL DEFAULT NULL,
  `FLULUSAN5` varchar(100) CHARACTER SET latin1 COLLATE latin1_swedish_ci NULL DEFAULT NULL,
  `FNOSTR5` varchar(50) CHARACTER SET latin1 COLLATE latin1_swedish_ci NULL DEFAULT NULL,
  `FNOHP5` varchar(15) CHARACTER SET latin1 COLLATE latin1_swedish_ci NULL DEFAULT NULL,
  `FTMPTPRKTK5` varchar(100) CHARACTER SET latin1 COLLATE latin1_swedish_ci NULL DEFAULT NULL,
  `FFANYAKES5` varchar(100) CHARACTER SET latin1 COLLATE latin1_swedish_ci NULL DEFAULT NULL,
  `FALMTFNYKES5` varchar(100) CHARACTER SET latin1 COLLATE latin1_swedish_ci NULL DEFAULT NULL,
  `FFTKPKTP5` varchar(100) CHARACTER SET latin1 COLLATE latin1_swedish_ci NULL DEFAULT NULL,
  `FFTKPSTR5` varchar(100) CHARACTER SET latin1 COLLATE latin1_swedish_ci NULL DEFAULT NULL,
  `FSRTSEHAT5` varchar(100) CHARACTER SET latin1 COLLATE latin1_swedish_ci NULL DEFAULT NULL,
  `FSRTKETFANYAKES5` varchar(100) CHARACTER SET latin1 COLLATE latin1_swedish_ci NULL DEFAULT NULL,
  `FSRTREKOMORGPROF5` varchar(100) CHARACTER SET latin1 COLLATE latin1_swedish_ci NULL DEFAULT NULL,
  `FFTKPSIP5` varchar(100) CHARACTER SET latin1 COLLATE latin1_swedish_ci NULL DEFAULT NULL,
  `FFOTO5` varchar(100) CHARACTER SET latin1 COLLATE latin1_swedish_ci NULL DEFAULT NULL,
  `FTGL5` date NULL DEFAULT NULL,
  `FNOREKOMSIP5` varchar(35) CHARACTER SET latin1 COLLATE latin1_swedish_ci NULL DEFAULT NULL,
  `FNOREKOMIKATEMI5` varchar(35) CHARACTER SET latin1 COLLATE latin1_swedish_ci NULL DEFAULT NULL,
  `FNOSTRE5` varchar(35) CHARACTER SET latin1 COLLATE latin1_swedish_ci NULL DEFAULT NULL,
  `FMASABERLAKU5` date NULL DEFAULT NULL,
  `FTGLSURATREKOM5` date NULL DEFAULT NULL,
  `FNOSIP5` varchar(35) CHARACTER SET latin1 COLLATE latin1_swedish_ci NULL DEFAULT NULL,
  `FALAMATPRAKTEK5` varchar(100) CHARACTER SET latin1 COLLATE latin1_swedish_ci NULL DEFAULT NULL,
  `FTMPTPRAKTEK5` varchar(45) CHARACTER SET latin1 COLLATE latin1_swedish_ci NULL DEFAULT NULL,
  `FTGLBERLAKU5` date NULL DEFAULT NULL,
  `FTGLSIP5` date NULL DEFAULT NULL,
  PRIMARY KEY (`FID5`) USING BTREE
) ENGINE = InnoDB AUTO_INCREMENT = 1 CHARACTER SET = latin1 COLLATE = latin1_swedish_ci ROW_FORMAT = Compact;

-- ----------------------------
-- Table structure for formulir06
-- ----------------------------
DROP TABLE IF EXISTS `formulir06`;
CREATE TABLE `formulir06`  (
  `FID6` int(11) NOT NULL AUTO_INCREMENT,
  `PNIK` varchar(20) CHARACTER SET latin1 COLLATE latin1_swedish_ci NULL DEFAULT NULL,
  `STPID` int(11) NULL DEFAULT NULL,
  `FNAMAGELAR6` varchar(100) CHARACTER SET latin1 COLLATE latin1_swedish_ci NULL DEFAULT NULL,
  `FNOHP6` varchar(15) CHARACTER SET latin1 COLLATE latin1_swedish_ci NULL DEFAULT NULL,
  `FALAMATPRAKTIK6` varchar(100) CHARACTER SET latin1 COLLATE latin1_swedish_ci NULL DEFAULT NULL,
  `FFTKPKTP6` varchar(100) CHARACTER SET latin1 COLLATE latin1_swedish_ci NULL DEFAULT NULL,
  `FSRTSEHAT6` varchar(100) CHARACTER SET latin1 COLLATE latin1_swedish_ci NULL DEFAULT NULL,
  `FSRTPRNYATAAN6` varchar(100) CHARACTER SET latin1 COLLATE latin1_swedish_ci NULL DEFAULT NULL,
  `FSRTKETDOMISILI6` varchar(100) CHARACTER SET latin1 COLLATE latin1_swedish_ci NULL DEFAULT NULL,
  `FFTKPSRTPUSKES6` varchar(100) CHARACTER SET latin1 COLLATE latin1_swedish_ci NULL DEFAULT NULL,
  `FSRTREKOMASOS6` varchar(100) CHARACTER SET latin1 COLLATE latin1_swedish_ci NULL DEFAULT NULL,
  `FREKOMDINKES6` varchar(100) CHARACTER SET latin1 COLLATE latin1_swedish_ci NULL DEFAULT NULL,
  `FFOTO6` varchar(100) CHARACTER SET latin1 COLLATE latin1_swedish_ci NULL DEFAULT NULL,
  `FPETALOKASI6` varchar(35) CHARACTER SET latin1 COLLATE latin1_swedish_ci NULL DEFAULT NULL,
  `FDENAHRUANG6` varchar(35) CHARACTER SET latin1 COLLATE latin1_swedish_ci NULL DEFAULT NULL,
  `FDFTRALAT6` varchar(35) CHARACTER SET latin1 COLLATE latin1_swedish_ci NULL DEFAULT NULL,
  `FDFTRRAMUAN6` varchar(35) CHARACTER SET latin1 COLLATE latin1_swedish_ci NULL DEFAULT NULL,
  `FTGL6` date NULL DEFAULT NULL,
  `FKWRGANEGARAAN6` varchar(35) CHARACTER SET latin1 COLLATE latin1_swedish_ci NULL DEFAULT NULL,
  `FNOTELP6` varchar(15) CHARACTER SET latin1 COLLATE latin1_swedish_ci NULL DEFAULT NULL,
  `FALARMHJLN` varchar(35) CHARACTER SET latin1 COLLATE latin1_swedish_ci NULL DEFAULT NULL,
  `FALARMHNO` varchar(4) CHARACTER SET latin1 COLLATE latin1_swedish_ci NULL DEFAULT NULL,
  `FALARMHRT` varchar(4) CHARACTER SET latin1 COLLATE latin1_swedish_ci NULL DEFAULT NULL,
  `FALARMHRW` varchar(4) CHARACTER SET latin1 COLLATE latin1_swedish_ci NULL DEFAULT NULL,
  `FALARMHKEL` varchar(35) CHARACTER SET latin1 COLLATE latin1_swedish_ci NULL DEFAULT NULL,
  `FALARMHKEC` varchar(35) CHARACTER SET latin1 COLLATE latin1_swedish_ci NULL DEFAULT NULL,
  `FALARMHKOTA` varchar(35) CHARACTER SET latin1 COLLATE latin1_swedish_ci NULL DEFAULT NULL,
  `FALARMHPROV` varchar(35) CHARACTER SET latin1 COLLATE latin1_swedish_ci NULL DEFAULT NULL,
  `FALAPRKJLN` varchar(35) CHARACTER SET latin1 COLLATE latin1_swedish_ci NULL DEFAULT NULL,
  `FAALPRKNO` varchar(4) CHARACTER SET latin1 COLLATE latin1_swedish_ci NULL DEFAULT NULL,
  `FALAPRKRT` varchar(4) CHARACTER SET latin1 COLLATE latin1_swedish_ci NULL DEFAULT NULL,
  `FALAPRKRW` varchar(4) CHARACTER SET latin1 COLLATE latin1_swedish_ci NULL DEFAULT NULL,
  `FALAPRKKEL` varchar(35) CHARACTER SET latin1 COLLATE latin1_swedish_ci NULL DEFAULT NULL,
  `FALAPRKKEC` varchar(35) CHARACTER SET latin1 COLLATE latin1_swedish_ci NULL DEFAULT NULL,
  `FALAPRKKOTA` varchar(35) CHARACTER SET latin1 COLLATE latin1_swedish_ci NULL DEFAULT NULL,
  `FALAPRKPROV` varchar(35) CHARACTER SET latin1 COLLATE latin1_swedish_ci NULL DEFAULT NULL,
  `FPNGLMNPRKTK` varchar(3) CHARACTER SET latin1 COLLATE latin1_swedish_ci NULL DEFAULT NULL,
  `FCRPRWTAN` varchar(100) CHARACTER SET latin1 COLLATE latin1_swedish_ci NULL DEFAULT NULL,
  `FEMPMETODE` varchar(35) CHARACTER SET latin1 COLLATE latin1_swedish_ci NULL DEFAULT NULL,
  `FEMPRAMUAN` varchar(100) CHARACTER SET latin1 COLLATE latin1_swedish_ci NULL DEFAULT NULL,
  `FEMPALAT` varchar(100) CHARACTER SET latin1 COLLATE latin1_swedish_ci NULL DEFAULT NULL,
  `FNOSKLOKASI6` varchar(35) CHARACTER SET latin1 COLLATE latin1_swedish_ci NULL DEFAULT NULL,
  PRIMARY KEY (`FID6`) USING BTREE
) ENGINE = InnoDB AUTO_INCREMENT = 1 CHARACTER SET = latin1 COLLATE = latin1_swedish_ci ROW_FORMAT = Compact;

-- ----------------------------
-- Table structure for formulir07
-- ----------------------------
DROP TABLE IF EXISTS `formulir07`;
CREATE TABLE `formulir07`  (
  `FID7` int(11) NOT NULL AUTO_INCREMENT,
  `PNIK` varchar(20) CHARACTER SET latin1 COLLATE latin1_swedish_ci NULL DEFAULT NULL,
  `STPID` int(11) NULL DEFAULT NULL,
  `FNAMAGELAR7` varchar(100) CHARACTER SET latin1 COLLATE latin1_swedish_ci NULL DEFAULT NULL,
  `FLULUSAN7` varchar(100) CHARACTER SET latin1 COLLATE latin1_swedish_ci NULL DEFAULT NULL,
  `FNOSTR7` varchar(50) CHARACTER SET latin1 COLLATE latin1_swedish_ci NULL DEFAULT NULL,
  `FNOHP7` varchar(15) CHARACTER SET latin1 COLLATE latin1_swedish_ci NULL DEFAULT NULL,
  `FTMPTPRKTK7` varchar(100) CHARACTER SET latin1 COLLATE latin1_swedish_ci NULL DEFAULT NULL,
  `FFANYAKES7` varchar(100) CHARACTER SET latin1 COLLATE latin1_swedish_ci NULL DEFAULT NULL,
  `FALMTFNYKES7` varchar(100) CHARACTER SET latin1 COLLATE latin1_swedish_ci NULL DEFAULT NULL,
  `FFTKPKTP7` varchar(100) CHARACTER SET latin1 COLLATE latin1_swedish_ci NULL DEFAULT NULL,
  `FFTKPSTR7` varchar(100) CHARACTER SET latin1 COLLATE latin1_swedish_ci NULL DEFAULT NULL,
  `FSRTSEHAT7` varchar(100) CHARACTER SET latin1 COLLATE latin1_swedish_ci NULL DEFAULT NULL,
  `FSRTKETFANYAKES7` varchar(100) CHARACTER SET latin1 COLLATE latin1_swedish_ci NULL DEFAULT NULL,
  `FSRTREKOMORGPROF7` varchar(100) CHARACTER SET latin1 COLLATE latin1_swedish_ci NULL DEFAULT NULL,
  `FFTKPSIP7` varchar(100) CHARACTER SET latin1 COLLATE latin1_swedish_ci NULL DEFAULT NULL,
  `FFOTO7` varchar(100) CHARACTER SET latin1 COLLATE latin1_swedish_ci NULL DEFAULT NULL,
  `FTGL7` date NULL DEFAULT NULL,
  `FNOREKOMSIP7` varchar(35) CHARACTER SET latin1 COLLATE latin1_swedish_ci NULL DEFAULT NULL,
  `FNOREKOMPPNI7` varchar(35) CHARACTER SET latin1 COLLATE latin1_swedish_ci NULL DEFAULT NULL,
  `FNOSTRP7` varchar(35) CHARACTER SET latin1 COLLATE latin1_swedish_ci NULL DEFAULT NULL,
  `FMASABERLAKU7` date NULL DEFAULT NULL,
  `FTGLSURATREKOM7` date NULL DEFAULT NULL,
  `FNOSIP7` varchar(35) CHARACTER SET latin1 COLLATE latin1_swedish_ci NULL DEFAULT NULL,
  `FTMPTPRAKTEK7` varchar(45) CHARACTER SET latin1 COLLATE latin1_swedish_ci NULL DEFAULT NULL,
  `FTGLBERLAKU7` date NULL DEFAULT NULL,
  `FTGLSIP7` date NULL DEFAULT NULL,
  PRIMARY KEY (`FID7`) USING BTREE
) ENGINE = InnoDB AUTO_INCREMENT = 1 CHARACTER SET = latin1 COLLATE = latin1_swedish_ci ROW_FORMAT = Compact;

-- ----------------------------
-- Table structure for formulir08
-- ----------------------------
DROP TABLE IF EXISTS `formulir08`;
CREATE TABLE `formulir08`  (
  `FID8` int(11) NOT NULL AUTO_INCREMENT,
  `PNIK` varchar(20) CHARACTER SET latin1 COLLATE latin1_swedish_ci NULL DEFAULT NULL,
  `STPID` int(11) NULL DEFAULT NULL,
  `FNAMAGELAR8` varchar(100) CHARACTER SET latin1 COLLATE latin1_swedish_ci NULL DEFAULT NULL,
  `FLULUSAN8` varchar(100) CHARACTER SET latin1 COLLATE latin1_swedish_ci NULL DEFAULT NULL,
  `FNOSTR8` varchar(50) CHARACTER SET latin1 COLLATE latin1_swedish_ci NULL DEFAULT NULL,
  `FNOHP8` varchar(15) CHARACTER SET latin1 COLLATE latin1_swedish_ci NULL DEFAULT NULL,
  `FTMPTPRKTK8` varchar(100) CHARACTER SET latin1 COLLATE latin1_swedish_ci NULL DEFAULT NULL,
  `FFANYAKES8` varchar(100) CHARACTER SET latin1 COLLATE latin1_swedish_ci NULL DEFAULT NULL,
  `FALMTFNYKES8` varchar(100) CHARACTER SET latin1 COLLATE latin1_swedish_ci NULL DEFAULT NULL,
  `FFTKPKTP8` varchar(100) CHARACTER SET latin1 COLLATE latin1_swedish_ci NULL DEFAULT NULL,
  `FFTKPSTR6` varchar(100) CHARACTER SET latin1 COLLATE latin1_swedish_ci NULL DEFAULT NULL,
  `FSRTSEHAT8` varchar(100) CHARACTER SET latin1 COLLATE latin1_swedish_ci NULL DEFAULT NULL,
  `FSRTKETFANYAKES8` varchar(100) CHARACTER SET latin1 COLLATE latin1_swedish_ci NULL DEFAULT NULL,
  `FSRTREKOMORGPROF8` varchar(100) CHARACTER SET latin1 COLLATE latin1_swedish_ci NULL DEFAULT NULL,
  `FFTKPSIP8` varchar(100) CHARACTER SET latin1 COLLATE latin1_swedish_ci NULL DEFAULT NULL,
  `FFOTO8` varchar(100) CHARACTER SET latin1 COLLATE latin1_swedish_ci NULL DEFAULT NULL,
  `FTGL8` date NULL DEFAULT NULL,
  `FNOREKOMSIP8` varchar(35) CHARACTER SET latin1 COLLATE latin1_swedish_ci NULL DEFAULT NULL,
  `FNOREKOMPORMIKI8` varchar(35) CHARACTER SET latin1 COLLATE latin1_swedish_ci NULL DEFAULT NULL,
  `FNOSTRPM8` varchar(35) CHARACTER SET latin1 COLLATE latin1_swedish_ci NULL DEFAULT NULL,
  `FMASABERLAKU8` date NULL DEFAULT NULL,
  `FTGLSURATREKOM8` date NULL DEFAULT NULL,
  `FNOSIP8` varchar(35) CHARACTER SET latin1 COLLATE latin1_swedish_ci NULL DEFAULT NULL,
  `FTMPTPRAKTEK8` varchar(45) CHARACTER SET latin1 COLLATE latin1_swedish_ci NULL DEFAULT NULL,
  `FALAMATPRAKTEK8` varchar(100) CHARACTER SET latin1 COLLATE latin1_swedish_ci NULL DEFAULT NULL,
  `FTGLBERLAKU8` date NULL DEFAULT NULL,
  `FTGLSIP8` date NULL DEFAULT NULL,
  PRIMARY KEY (`FID8`) USING BTREE
) ENGINE = InnoDB AUTO_INCREMENT = 1 CHARACTER SET = latin1 COLLATE = latin1_swedish_ci ROW_FORMAT = Compact;

-- ----------------------------
-- Table structure for formulir09
-- ----------------------------
DROP TABLE IF EXISTS `formulir09`;
CREATE TABLE `formulir09`  (
  `FID9` int(11) NOT NULL AUTO_INCREMENT,
  `PNIK` varchar(20) CHARACTER SET latin1 COLLATE latin1_swedish_ci NULL DEFAULT NULL,
  `STPID` int(11) NULL DEFAULT NULL,
  `FNAMAGELAR9` varchar(100) CHARACTER SET latin1 COLLATE latin1_swedish_ci NULL DEFAULT NULL,
  `FLULUSAN9` varchar(100) CHARACTER SET latin1 COLLATE latin1_swedish_ci NULL DEFAULT NULL,
  `FNOSTR9` varchar(50) CHARACTER SET latin1 COLLATE latin1_swedish_ci NULL DEFAULT NULL,
  `FNOHP9` varchar(15) CHARACTER SET latin1 COLLATE latin1_swedish_ci NULL DEFAULT NULL,
  `FTMPTPRKTK9` varchar(100) CHARACTER SET latin1 COLLATE latin1_swedish_ci NULL DEFAULT NULL,
  `FFANYAKES9` varchar(100) CHARACTER SET latin1 COLLATE latin1_swedish_ci NULL DEFAULT NULL,
  `FALMTFNYKES9` varchar(100) CHARACTER SET latin1 COLLATE latin1_swedish_ci NULL DEFAULT NULL,
  `FFTKPKTP9` varchar(100) CHARACTER SET latin1 COLLATE latin1_swedish_ci NULL DEFAULT NULL,
  `FFTKPSTR9` varchar(100) CHARACTER SET latin1 COLLATE latin1_swedish_ci NULL DEFAULT NULL,
  `FSRTSEHAT9` varchar(100) CHARACTER SET latin1 COLLATE latin1_swedish_ci NULL DEFAULT NULL,
  `FSRTKETFANYAKES9` varchar(100) CHARACTER SET latin1 COLLATE latin1_swedish_ci NULL DEFAULT NULL,
  `FSRTREKOMORGPROF9` varchar(100) CHARACTER SET latin1 COLLATE latin1_swedish_ci NULL DEFAULT NULL,
  `FFTKPSIP9` varchar(100) CHARACTER SET latin1 COLLATE latin1_swedish_ci NULL DEFAULT NULL,
  `FFOTO9` varchar(100) CHARACTER SET latin1 COLLATE latin1_swedish_ci NULL DEFAULT NULL,
  `FTGL9` date NULL DEFAULT NULL,
  `FNOREKOMSIP9` varchar(35) CHARACTER SET latin1 COLLATE latin1_swedish_ci NULL DEFAULT NULL,
  `FNOREKOMPARI9` varchar(35) CHARACTER SET latin1 COLLATE latin1_swedish_ci NULL DEFAULT NULL,
  `FNOSTRR9` varchar(35) CHARACTER SET latin1 COLLATE latin1_swedish_ci NULL DEFAULT NULL,
  `FMASABERLAKU9` date NULL DEFAULT NULL,
  `FTGLSURATREKOM9` date NULL DEFAULT NULL,
  `FNOSIP9` varchar(35) CHARACTER SET latin1 COLLATE latin1_swedish_ci NULL DEFAULT NULL,
  `FTMPTPRAKTEK9` varchar(45) CHARACTER SET latin1 COLLATE latin1_swedish_ci NULL DEFAULT NULL,
  `FALAMATPRAKTEK9` varchar(100) CHARACTER SET latin1 COLLATE latin1_swedish_ci NULL DEFAULT NULL,
  `FTGLBERLAKU9` date NULL DEFAULT NULL,
  `FTGLSIP9` date NULL DEFAULT NULL,
  PRIMARY KEY (`FID9`) USING BTREE
) ENGINE = InnoDB AUTO_INCREMENT = 1 CHARACTER SET = latin1 COLLATE = latin1_swedish_ci ROW_FORMAT = Compact;

-- ----------------------------
-- Table structure for formulir10
-- ----------------------------
DROP TABLE IF EXISTS `formulir10`;
CREATE TABLE `formulir10`  (
  `FID10` int(11) NOT NULL AUTO_INCREMENT,
  `PNIK` varchar(20) CHARACTER SET latin1 COLLATE latin1_swedish_ci NULL DEFAULT NULL,
  `STPID` int(11) NULL DEFAULT NULL,
  `FNAMAGELAR10` varchar(100) CHARACTER SET latin1 COLLATE latin1_swedish_ci NULL DEFAULT NULL,
  `FLULUSAN10` varchar(100) CHARACTER SET latin1 COLLATE latin1_swedish_ci NULL DEFAULT NULL,
  `FNOSTR10` varchar(50) CHARACTER SET latin1 COLLATE latin1_swedish_ci NULL DEFAULT NULL,
  `FNOHP10` varchar(15) CHARACTER SET latin1 COLLATE latin1_swedish_ci NULL DEFAULT NULL,
  `FTMPTPRKTK10` varchar(100) CHARACTER SET latin1 COLLATE latin1_swedish_ci NULL DEFAULT NULL,
  `FFANYAKES10` varchar(100) CHARACTER SET latin1 COLLATE latin1_swedish_ci NULL DEFAULT NULL,
  `FALMTFNYKES10` varchar(100) CHARACTER SET latin1 COLLATE latin1_swedish_ci NULL DEFAULT NULL,
  `FFTKPKTP10` varchar(100) CHARACTER SET latin1 COLLATE latin1_swedish_ci NULL DEFAULT NULL,
  `FFTKPSTR10` varchar(100) CHARACTER SET latin1 COLLATE latin1_swedish_ci NULL DEFAULT NULL,
  `FSRTSEHAT10` varchar(100) CHARACTER SET latin1 COLLATE latin1_swedish_ci NULL DEFAULT NULL,
  `FSRTKETFANYAKES10` varchar(100) CHARACTER SET latin1 COLLATE latin1_swedish_ci NULL DEFAULT NULL,
  `FSRTREKOMORGPROF10` varchar(100) CHARACTER SET latin1 COLLATE latin1_swedish_ci NULL DEFAULT NULL,
  `FFTKPSIP10` varchar(100) CHARACTER SET latin1 COLLATE latin1_swedish_ci NULL DEFAULT NULL,
  `FFOTO10` varchar(100) CHARACTER SET latin1 COLLATE latin1_swedish_ci NULL DEFAULT NULL,
  `FTGL10` date NULL DEFAULT NULL,
  `FNOREKOMSIP10` varchar(35) CHARACTER SET latin1 COLLATE latin1_swedish_ci NULL DEFAULT NULL,
  `FNOREKOMHAKLI10` varchar(35) CHARACTER SET latin1 COLLATE latin1_swedish_ci NULL DEFAULT NULL,
  `FNOSTRTS10` varchar(35) CHARACTER SET latin1 COLLATE latin1_swedish_ci NULL DEFAULT NULL,
  `FMASABERLAKU10` date NULL DEFAULT NULL,
  `FTGLSURATREKOM10` date NULL DEFAULT NULL,
  `FNOSIP10` varchar(35) CHARACTER SET latin1 COLLATE latin1_swedish_ci NULL DEFAULT NULL,
  `FTMPTPRAKTEK10` varchar(45) CHARACTER SET latin1 COLLATE latin1_swedish_ci NULL DEFAULT NULL,
  `FALAMATPRAKTEK10` varchar(100) CHARACTER SET latin1 COLLATE latin1_swedish_ci NULL DEFAULT NULL,
  `FTGLBERLAKU10` date NULL DEFAULT NULL,
  `FTGLSIP10` date NULL DEFAULT NULL,
  PRIMARY KEY (`FID10`) USING BTREE
) ENGINE = InnoDB AUTO_INCREMENT = 1 CHARACTER SET = latin1 COLLATE = latin1_swedish_ci ROW_FORMAT = Compact;

-- ----------------------------
-- Table structure for formulir11
-- ----------------------------
DROP TABLE IF EXISTS `formulir11`;
CREATE TABLE `formulir11`  (
  `FID11` int(11) NOT NULL AUTO_INCREMENT,
  `PNIK` varchar(20) CHARACTER SET latin1 COLLATE latin1_swedish_ci NULL DEFAULT NULL,
  `STPID` int(11) NULL DEFAULT NULL,
  `FNAMAGELAR11` varchar(100) CHARACTER SET latin1 COLLATE latin1_swedish_ci NULL DEFAULT NULL,
  `FLULUSAN11` varchar(100) CHARACTER SET latin1 COLLATE latin1_swedish_ci NULL DEFAULT NULL,
  `FNOSTR11` varchar(50) CHARACTER SET latin1 COLLATE latin1_swedish_ci NULL DEFAULT NULL,
  `FNOHP11` varchar(15) CHARACTER SET latin1 COLLATE latin1_swedish_ci NULL DEFAULT NULL,
  `FTMPTPRKTK11` varchar(100) CHARACTER SET latin1 COLLATE latin1_swedish_ci NULL DEFAULT NULL,
  `FFANYAKES11` varchar(100) CHARACTER SET latin1 COLLATE latin1_swedish_ci NULL DEFAULT NULL,
  `FALMTFNYKES11` varchar(100) CHARACTER SET latin1 COLLATE latin1_swedish_ci NULL DEFAULT NULL,
  `FFTKPKTP11` varchar(100) CHARACTER SET latin1 COLLATE latin1_swedish_ci NULL DEFAULT NULL,
  `FFTKPSTR11` varchar(100) CHARACTER SET latin1 COLLATE latin1_swedish_ci NULL DEFAULT NULL,
  `FSRTSEHAT11` varchar(100) CHARACTER SET latin1 COLLATE latin1_swedish_ci NULL DEFAULT NULL,
  `FSRTKETFANYAKES11` varchar(100) CHARACTER SET latin1 COLLATE latin1_swedish_ci NULL DEFAULT NULL,
  `FSRTREKOMORGPROF11` varchar(100) CHARACTER SET latin1 COLLATE latin1_swedish_ci NULL DEFAULT NULL,
  `FFTKPSIP11` varchar(100) CHARACTER SET latin1 COLLATE latin1_swedish_ci NULL DEFAULT NULL,
  `FFOTO11` varchar(100) CHARACTER SET latin1 COLLATE latin1_swedish_ci NULL DEFAULT NULL,
  `FTGL11` date NULL DEFAULT NULL,
  `FNOREKOMSIP11` varchar(35) CHARACTER SET latin1 COLLATE latin1_swedish_ci NULL DEFAULT NULL,
  `FNOREKOMPERSAGI11` varchar(35) CHARACTER SET latin1 COLLATE latin1_swedish_ci NULL DEFAULT NULL,
  `FNOSTRTGZ11` varchar(35) CHARACTER SET latin1 COLLATE latin1_swedish_ci NULL DEFAULT NULL,
  `FMASABERLAKU11` date NULL DEFAULT NULL,
  `FTGLSURATREKOM11` date NULL DEFAULT NULL,
  `FNOSIP11` varchar(35) CHARACTER SET latin1 COLLATE latin1_swedish_ci NULL DEFAULT NULL,
  `FTMPTPRAKTEK11` varchar(45) CHARACTER SET latin1 COLLATE latin1_swedish_ci NULL DEFAULT NULL,
  `FALAMATPRAKTEK11` varchar(100) CHARACTER SET latin1 COLLATE latin1_swedish_ci NULL DEFAULT NULL,
  `FTGLBERLAKU11` date NULL DEFAULT NULL,
  `FTGLSIP11` date NULL DEFAULT NULL,
  PRIMARY KEY (`FID11`) USING BTREE
) ENGINE = InnoDB AUTO_INCREMENT = 1 CHARACTER SET = latin1 COLLATE = latin1_swedish_ci ROW_FORMAT = Compact;

-- ----------------------------
-- Table structure for formulir12
-- ----------------------------
DROP TABLE IF EXISTS `formulir12`;
CREATE TABLE `formulir12`  (
  `FID12` int(11) NOT NULL AUTO_INCREMENT,
  `PNIK` varchar(20) CHARACTER SET latin1 COLLATE latin1_swedish_ci NULL DEFAULT NULL,
  `STPID` int(11) NULL DEFAULT NULL,
  `FNAMAGELAR12` varchar(100) CHARACTER SET latin1 COLLATE latin1_swedish_ci NULL DEFAULT NULL,
  `FLULUSAN12` varchar(100) CHARACTER SET latin1 COLLATE latin1_swedish_ci NULL DEFAULT NULL,
  `FNOSTR12` varchar(50) CHARACTER SET latin1 COLLATE latin1_swedish_ci NULL DEFAULT NULL,
  `FNOHP12` varchar(15) CHARACTER SET latin1 COLLATE latin1_swedish_ci NULL DEFAULT NULL,
  `FTMPTPRKTK12` varchar(100) CHARACTER SET latin1 COLLATE latin1_swedish_ci NULL DEFAULT NULL,
  `FFANYAKES12` varchar(100) CHARACTER SET latin1 COLLATE latin1_swedish_ci NULL DEFAULT NULL,
  `FALMTFNYKES12` varchar(100) CHARACTER SET latin1 COLLATE latin1_swedish_ci NULL DEFAULT NULL,
  `FFTKPKTP12` varchar(100) CHARACTER SET latin1 COLLATE latin1_swedish_ci NULL DEFAULT NULL,
  `FFTKPSTR12` varchar(100) CHARACTER SET latin1 COLLATE latin1_swedish_ci NULL DEFAULT NULL,
  `FSRTSEHAT12` varchar(100) CHARACTER SET latin1 COLLATE latin1_swedish_ci NULL DEFAULT NULL,
  `FSRTKETFANYAKES12` varchar(100) CHARACTER SET latin1 COLLATE latin1_swedish_ci NULL DEFAULT NULL,
  `FSRTREKOMORGPROF12` varchar(100) CHARACTER SET latin1 COLLATE latin1_swedish_ci NULL DEFAULT NULL,
  `FFTKPSIP12` varchar(100) CHARACTER SET latin1 COLLATE latin1_swedish_ci NULL DEFAULT NULL,
  `FFOTO12` varchar(100) CHARACTER SET latin1 COLLATE latin1_swedish_ci NULL DEFAULT NULL,
  `FTGL12` date NULL DEFAULT NULL,
  `FNOREKOMSIP12` varchar(35) CHARACTER SET latin1 COLLATE latin1_swedish_ci NULL DEFAULT NULL,
  `FNOREKOMPATELKI12` varchar(35) CHARACTER SET latin1 COLLATE latin1_swedish_ci NULL DEFAULT NULL,
  `FNOSTRATLM12` varchar(35) CHARACTER SET latin1 COLLATE latin1_swedish_ci NULL DEFAULT NULL,
  `FMASABERLAKU12` date NULL DEFAULT NULL,
  `FTGLSURATREKOM12` date NULL DEFAULT NULL,
  `FNOSIP12` varchar(35) CHARACTER SET latin1 COLLATE latin1_swedish_ci NULL DEFAULT NULL,
  `FTMPTPRAKTEK12` varchar(45) CHARACTER SET latin1 COLLATE latin1_swedish_ci NULL DEFAULT NULL,
  `FALAMATPRAKTEK12` varchar(100) CHARACTER SET latin1 COLLATE latin1_swedish_ci NULL DEFAULT NULL,
  `FTGLBERLAKU12` date NULL DEFAULT NULL,
  `FTGLSIP12` date NULL DEFAULT NULL,
  PRIMARY KEY (`FID12`) USING BTREE
) ENGINE = InnoDB AUTO_INCREMENT = 1 CHARACTER SET = latin1 COLLATE = latin1_swedish_ci ROW_FORMAT = Compact;

-- ----------------------------
-- Table structure for formulir13
-- ----------------------------
DROP TABLE IF EXISTS `formulir13`;
CREATE TABLE `formulir13`  (
  `FID13` int(11) NOT NULL AUTO_INCREMENT,
  `PNIK` varchar(20) CHARACTER SET latin1 COLLATE latin1_swedish_ci NULL DEFAULT NULL,
  `STPID` int(11) NULL DEFAULT NULL,
  `FNAMAGELAR13` varchar(100) CHARACTER SET latin1 COLLATE latin1_swedish_ci NULL DEFAULT NULL,
  `FLULUSAN13` varchar(100) CHARACTER SET latin1 COLLATE latin1_swedish_ci NULL DEFAULT NULL,
  `FNOSTR13` varchar(50) CHARACTER SET latin1 COLLATE latin1_swedish_ci NULL DEFAULT NULL,
  `FNOHP13` varchar(15) CHARACTER SET latin1 COLLATE latin1_swedish_ci NULL DEFAULT NULL,
  `FTMPTPRKTK13` varchar(100) CHARACTER SET latin1 COLLATE latin1_swedish_ci NULL DEFAULT NULL,
  `FFANYAKES13` varchar(100) CHARACTER SET latin1 COLLATE latin1_swedish_ci NULL DEFAULT NULL,
  `FALMTFNYKES13` varchar(100) CHARACTER SET latin1 COLLATE latin1_swedish_ci NULL DEFAULT NULL,
  `FFTKPKTP13` varchar(100) CHARACTER SET latin1 COLLATE latin1_swedish_ci NULL DEFAULT NULL,
  `FFTKPSTR13` varchar(100) CHARACTER SET latin1 COLLATE latin1_swedish_ci NULL DEFAULT NULL,
  `FSRTSEHAT13` varchar(100) CHARACTER SET latin1 COLLATE latin1_swedish_ci NULL DEFAULT NULL,
  `FSRTMANDIRI13` varchar(100) CHARACTER SET latin1 COLLATE latin1_swedish_ci NULL DEFAULT NULL,
  `FSRTREKOMORGPROF13` varchar(100) CHARACTER SET latin1 COLLATE latin1_swedish_ci NULL DEFAULT NULL,
  `FPETALOKASI13` varchar(35) CHARACTER SET latin1 COLLATE latin1_swedish_ci NULL DEFAULT NULL,
  `FDENAHRUANG13` varchar(35) CHARACTER SET latin1 COLLATE latin1_swedish_ci NULL DEFAULT NULL,
  `FDAFTARALAT13` varchar(35) CHARACTER SET latin1 COLLATE latin1_swedish_ci NULL DEFAULT NULL,
  `FSOP13` varchar(35) CHARACTER SET latin1 COLLATE latin1_swedish_ci NULL DEFAULT NULL,
  `FPERJLIMBAH13` varchar(35) CHARACTER SET latin1 COLLATE latin1_swedish_ci NULL DEFAULT NULL,
  `FFTKPSIP13` varchar(100) CHARACTER SET latin1 COLLATE latin1_swedish_ci NULL DEFAULT NULL,
  `FFOTO13` varchar(100) CHARACTER SET latin1 COLLATE latin1_swedish_ci NULL DEFAULT NULL,
  `FTGL13` date NULL DEFAULT NULL,
  `FNOREKOMSIP13` varchar(35) CHARACTER SET latin1 COLLATE latin1_swedish_ci NULL DEFAULT NULL,
  `FNOREKOMPATELKI13` varchar(35) CHARACTER SET latin1 COLLATE latin1_swedish_ci NULL DEFAULT NULL,
  `FNOSTRATLM13` varchar(35) CHARACTER SET latin1 COLLATE latin1_swedish_ci NULL DEFAULT NULL,
  `FMASABERLAKU13` date NULL DEFAULT NULL,
  `FTGLSURATREKOM13` date NULL DEFAULT NULL,
  `FNOSIP13` varchar(35) CHARACTER SET latin1 COLLATE latin1_swedish_ci NULL DEFAULT NULL,
  `FTMPTPRAKTEK13` varchar(45) CHARACTER SET latin1 COLLATE latin1_swedish_ci NULL DEFAULT NULL,
  `FALAMATPRAKTEK13` varchar(100) CHARACTER SET latin1 COLLATE latin1_swedish_ci NULL DEFAULT NULL,
  `FTGLBERLAKU13` date NULL DEFAULT NULL,
  `FTGLSIP13` date NULL DEFAULT NULL,
  PRIMARY KEY (`FID13`) USING BTREE
) ENGINE = InnoDB AUTO_INCREMENT = 1 CHARACTER SET = latin1 COLLATE = latin1_swedish_ci ROW_FORMAT = Compact;

-- ----------------------------
-- Table structure for formulir14
-- ----------------------------
DROP TABLE IF EXISTS `formulir14`;
CREATE TABLE `formulir14`  (
  `FID14` int(11) NOT NULL AUTO_INCREMENT,
  `STPID` int(11) NULL DEFAULT NULL,
  `PNIK` varchar(20) CHARACTER SET latin1 COLLATE latin1_swedish_ci NULL DEFAULT NULL,
  `FNAMAGELAR14` varchar(100) CHARACTER SET latin1 COLLATE latin1_swedish_ci NULL DEFAULT NULL,
  `FLULUSAN14` varchar(100) CHARACTER SET latin1 COLLATE latin1_swedish_ci NULL DEFAULT NULL,
  `FNOSTR14` varchar(50) CHARACTER SET latin1 COLLATE latin1_swedish_ci NULL DEFAULT NULL,
  `FNOHP14` varchar(15) CHARACTER SET latin1 COLLATE latin1_swedish_ci NULL DEFAULT NULL,
  `FTMPTPRKTK14` varchar(100) CHARACTER SET latin1 COLLATE latin1_swedish_ci NULL DEFAULT NULL,
  `FFANYAKES14` varchar(100) CHARACTER SET latin1 COLLATE latin1_swedish_ci NULL DEFAULT NULL,
  `FALMTFNYKES14` varchar(100) CHARACTER SET latin1 COLLATE latin1_swedish_ci NULL DEFAULT NULL,
  `FFTKPKTP14` varchar(100) CHARACTER SET latin1 COLLATE latin1_swedish_ci NULL DEFAULT NULL,
  `FFTKPSTR14` varchar(100) CHARACTER SET latin1 COLLATE latin1_swedish_ci NULL DEFAULT NULL,
  `FSRTSEHAT14` varchar(100) CHARACTER SET latin1 COLLATE latin1_swedish_ci NULL DEFAULT NULL,
  `FSRTKETFANYAKES14` varchar(100) CHARACTER SET latin1 COLLATE latin1_swedish_ci NULL DEFAULT NULL,
  `FSRTREKOMORGPROF14` varchar(100) CHARACTER SET latin1 COLLATE latin1_swedish_ci NULL DEFAULT NULL,
  `FFTKPSIP14` varchar(100) CHARACTER SET latin1 COLLATE latin1_swedish_ci NULL DEFAULT NULL,
  `FFOTO14` varchar(100) CHARACTER SET latin1 COLLATE latin1_swedish_ci NULL DEFAULT NULL,
  `FTGL14` date NULL DEFAULT NULL,
  `FNOREKOMSIP14` varchar(35) CHARACTER SET latin1 COLLATE latin1_swedish_ci NULL DEFAULT NULL,
  `FNOREKOMPAFI14` varchar(35) CHARACTER SET latin1 COLLATE latin1_swedish_ci NULL DEFAULT NULL,
  `FNOSTRTTK14` varchar(35) CHARACTER SET latin1 COLLATE latin1_swedish_ci NULL DEFAULT NULL,
  `FMASABERLAKU14` date NULL DEFAULT NULL,
  `FTGLSURATREKOM14` date NULL DEFAULT NULL,
  `FNOSIP14` varchar(35) CHARACTER SET latin1 COLLATE latin1_swedish_ci NULL DEFAULT NULL,
  `FTMPTPRAKTEK14` varchar(45) CHARACTER SET latin1 COLLATE latin1_swedish_ci NULL DEFAULT NULL,
  `FALAMATPRAKTEK14` varchar(100) CHARACTER SET latin1 COLLATE latin1_swedish_ci NULL DEFAULT NULL,
  `FTGLBERLAKU14` date NULL DEFAULT NULL,
  `FTGLSIP14` date NULL DEFAULT NULL,
  PRIMARY KEY (`FID14`) USING BTREE
) ENGINE = InnoDB AUTO_INCREMENT = 1 CHARACTER SET = latin1 COLLATE = latin1_swedish_ci ROW_FORMAT = Compact;

-- ----------------------------
-- Table structure for ms_assign_role
-- ----------------------------
DROP TABLE IF EXISTS `ms_assign_role`;
CREATE TABLE `ms_assign_role`  (
  `id_inc` int(11) NOT NULL AUTO_INCREMENT,
  `ms_pengguna_id` int(16) NULL DEFAULT NULL,
  `ms_role_id` int(11) NULL DEFAULT NULL,
  PRIMARY KEY (`id_inc`) USING BTREE,
  INDEX `FK_ms_assign_role`(`ms_role_id`) USING BTREE,
  INDEX `fk_pengguna`(`ms_pengguna_id`) USING BTREE,
  CONSTRAINT `FK_ms_assign_role` FOREIGN KEY (`ms_role_id`) REFERENCES `ms_role` (`id_inc`) ON DELETE CASCADE ON UPDATE CASCADE,
  CONSTRAINT `fk_pengguna` FOREIGN KEY (`ms_pengguna_id`) REFERENCES `ms_pengguna` (`id_inc`) ON DELETE CASCADE ON UPDATE CASCADE
) ENGINE = InnoDB AUTO_INCREMENT = 32 CHARACTER SET = latin1 COLLATE = latin1_swedish_ci ROW_FORMAT = Compact;

-- ----------------------------
-- Records of ms_assign_role
-- ----------------------------
INSERT INTO `ms_assign_role` VALUES (15, 1, 1);
INSERT INTO `ms_assign_role` VALUES (20, 10, 5);
INSERT INTO `ms_assign_role` VALUES (27, 11, 6);
INSERT INTO `ms_assign_role` VALUES (28, 14, 7);
INSERT INTO `ms_assign_role` VALUES (31, 22, 6);

-- ----------------------------
-- Table structure for ms_menu
-- ----------------------------
DROP TABLE IF EXISTS `ms_menu`;
CREATE TABLE `ms_menu`  (
  `id_inc` int(11) NOT NULL AUTO_INCREMENT,
  `nama_menu` varchar(100) CHARACTER SET latin1 COLLATE latin1_swedish_ci NULL DEFAULT NULL,
  `link_menu` varchar(100) CHARACTER SET latin1 COLLATE latin1_swedish_ci NULL DEFAULT NULL,
  `parent` int(11) NULL DEFAULT NULL,
  `sort` int(11) NULL DEFAULT NULL,
  `icon` varchar(50) CHARACTER SET latin1 COLLATE latin1_swedish_ci NULL DEFAULT NULL,
  PRIMARY KEY (`id_inc`) USING BTREE
) ENGINE = InnoDB AUTO_INCREMENT = 46 CHARACTER SET = latin1 COLLATE = latin1_swedish_ci ROW_FORMAT = Compact;

-- ----------------------------
-- Records of ms_menu
-- ----------------------------
INSERT INTO `ms_menu` VALUES (1, 'Sistem', '#', 0, 99, 'mdi mdi-account-settings-variant');
INSERT INTO `ms_menu` VALUES (2, 'role', 'role', 1, 1, '#');
INSERT INTO `ms_menu` VALUES (3, 'menu', 'menu', 1, 2, '#');
INSERT INTO `ms_menu` VALUES (6, 'Pengguna', 'Pengguna', 1, 3, 'fa fa-users');
INSERT INTO `ms_menu` VALUES (7, 'Asign Role', 'AsignRole', 1, 4, 'fa fa-lock');
INSERT INTO `ms_menu` VALUES (8, 'Dashboard', 'Welcome', 0, 0, 'mdi mdi-home');
INSERT INTO `ms_menu` VALUES (11, 'Harviacode', 'harviacode', 1, 5, 'mdi mdi-file-text');
INSERT INTO `ms_menu` VALUES (19, 'Master', '#', 0, 98, 'mdi mdi-arrange-send-backward');
INSERT INTO `ms_menu` VALUES (27, 'Dokter Jenis', 'dokterjenis', 19, 1, '-');
INSERT INTO `ms_menu` VALUES (28, 'Dokter Praktek', 'Dokterpraktek', 19, 2, '-');
INSERT INTO `ms_menu` VALUES (29, 'Status Permohonan', 'Statuspermohonan', 19, 3, '-');
INSERT INTO `ms_menu` VALUES (30, 'Penduduk', 'Penduduk', 19, 4, '-');
INSERT INTO `ms_menu` VALUES (31, 'Permohonan', '#', 0, 2, 'mdi mdi-application');
INSERT INTO `ms_menu` VALUES (32, 'Ahli Teknik Laboratorium Medik (ATLM)', 'formulir01', 31, 1, '-');
INSERT INTO `ms_menu` VALUES (33, 'Apoteker', 'formulir02', 31, 2, '-');
INSERT INTO `ms_menu` VALUES (34, 'Bidan', 'formulir03', 31, 3, '-');
INSERT INTO `ms_menu` VALUES (35, 'Dokter', 'formulir04', 31, 4, '-');
INSERT INTO `ms_menu` VALUES (36, 'Elektromedis', 'formulir05', 31, 5, '-');
INSERT INTO `ms_menu` VALUES (37, 'Penyehat Tradisional', 'formulir06', 31, 6, '-');
INSERT INTO `ms_menu` VALUES (38, 'Perawat', 'formulir07', 31, 7, '-');
INSERT INTO `ms_menu` VALUES (39, 'Perekam Medis', 'formulir08', 31, 8, '-');
INSERT INTO `ms_menu` VALUES (40, 'Radiografer', 'formulir09', 31, 9, '-');
INSERT INTO `ms_menu` VALUES (41, 'Sanitarian', 'formulir10', 31, 10, '-');
INSERT INTO `ms_menu` VALUES (42, 'Tenaga Gizi', 'formulir11', 31, 11, '-');
INSERT INTO `ms_menu` VALUES (43, 'Tenaga Kesehatan di Fasilitas Kesehatan', 'formulir12', 31, 12, '-');
INSERT INTO `ms_menu` VALUES (44, 'Tenaga Kesehatan Praktik Mandiri', 'formulir13', 31, 13, '-');
INSERT INTO `ms_menu` VALUES (45, 'Tenaga Teknis Kefarmasian', 'formulir14', 31, 14, '-');

-- ----------------------------
-- Table structure for ms_pengguna
-- ----------------------------
DROP TABLE IF EXISTS `ms_pengguna`;
CREATE TABLE `ms_pengguna`  (
  `id_inc` int(255) NOT NULL AUTO_INCREMENT,
  `nama_lengkap` varchar(100) CHARACTER SET latin1 COLLATE latin1_swedish_ci NULL DEFAULT NULL,
  `no_telepon` varchar(20) CHARACTER SET latin1 COLLATE latin1_swedish_ci NULL DEFAULT NULL,
  `email` varchar(100) CHARACTER SET latin1 COLLATE latin1_swedish_ci NULL DEFAULT NULL,
  `username` varchar(100) CHARACTER SET latin1 COLLATE latin1_swedish_ci NULL DEFAULT NULL,
  `password` varchar(100) CHARACTER SET latin1 COLLATE latin1_swedish_ci NULL DEFAULT NULL,
  `time_insert` datetime(0) NULL DEFAULT NULL,
  `time_update` datetime(0) NULL DEFAULT NULL,
  `pengguna_insert` varchar(100) CHARACTER SET latin1 COLLATE latin1_swedish_ci NULL DEFAULT NULL,
  `pengguna_update` varchar(100) CHARACTER SET latin1 COLLATE latin1_swedish_ci NULL DEFAULT NULL,
  `token_login` varchar(50) CHARACTER SET latin1 COLLATE latin1_swedish_ci NULL DEFAULT NULL,
  `last_login` datetime(0) NULL DEFAULT NULL,
  `ip_login` varchar(50) CHARACTER SET latin1 COLLATE latin1_swedish_ci NULL DEFAULT NULL,
  PRIMARY KEY (`id_inc`) USING BTREE
) ENGINE = InnoDB AUTO_INCREMENT = 23 CHARACTER SET = latin1 COLLATE = latin1_swedish_ci ROW_FORMAT = Compact;

-- ----------------------------
-- Records of ms_pengguna
-- ----------------------------
INSERT INTO `ms_pengguna` VALUES (1, 'Wahyu Dewantoro', '082330319913', 'wahyudewaaaantoro@gmail.cm', 'admin', '9d4e1e23bd5b727046a9e3b4b7db57bd8d6ee684', NULL, '2019-03-03 14:30:57', NULL, 'Wahyu Dewantoro', 'EUdX+)bUBx}]u~3^^%%;Vf#LD^qGR_#J^**{}{0)', '2019-05-29 09:31:21', '::1');
INSERT INTO `ms_pengguna` VALUES (10, 'Develop', '082330319913', 'wahyudewaaaantoro@gmail.com', 'devapp', '9d4e1e23bd5b727046a9e3b4b7db57bd8d6ee684', '2019-05-17 05:03:36', NULL, 'Wahyu Dewantoro', NULL, 'yyeL$:^{!j^q>}@{U)(}<]>*0L1)qlp{<t9KJD(y', '2019-05-17 15:08:46', '::1');
INSERT INTO `ms_pengguna` VALUES (11, 'ANANG WIDHI ASWORO', NULL, NULL, '3213070105850009', '9d4e1e23bd5b727046a9e3b4b7db57bd8d6ee684', '2019-05-22 07:07:55', NULL, NULL, NULL, 'v$t^e^jt!Vtm?_&%3~0+*l@WB~|*($78l~_?_>65', '2019-05-29 10:07:26', '::1');
INSERT INTO `ms_pengguna` VALUES (14, 'Dinkes', '098765', 'dinkes@blitar', 'dinkes', '9d4e1e23bd5b727046a9e3b4b7db57bd8d6ee684', '2019-05-29 04:40:02', NULL, 'Wahyu Dewantoro', NULL, NULL, NULL, NULL);
INSERT INTO `ms_pengguna` VALUES (20, '1', NULL, NULL, NULL, NULL, NULL, NULL, NULL, NULL, NULL, NULL, NULL);
INSERT INTO `ms_pengguna` VALUES (22, 'IIS SUMYATI', NULL, NULL, '3213075804850004', '9d4e1e23bd5b727046a9e3b4b7db57bd8d6ee684', '2019-05-29 05:14:23', NULL, NULL, NULL, 'L*Q<Q#cf%}}&w1*@I(>$<}^(~nn?0Da:jFK})KA+', '2019-05-29 10:14:56', '::1');

-- ----------------------------
-- Table structure for ms_privilege
-- ----------------------------
DROP TABLE IF EXISTS `ms_privilege`;
CREATE TABLE `ms_privilege`  (
  `id_inc` int(11) NOT NULL AUTO_INCREMENT,
  `ms_role_id` int(11) NULL DEFAULT NULL,
  `ms_menu_id` int(11) NULL DEFAULT NULL,
  `status` int(11) NULL DEFAULT NULL,
  `is_create` int(11) NULL DEFAULT NULL,
  `is_update` int(11) NULL DEFAULT NULL,
  `is_delete` int(11) NULL DEFAULT NULL,
  PRIMARY KEY (`id_inc`) USING BTREE,
  INDEX `fk_privilege`(`ms_menu_id`) USING BTREE,
  INDEX `fk_role`(`ms_role_id`) USING BTREE,
  CONSTRAINT `fk_privilege` FOREIGN KEY (`ms_menu_id`) REFERENCES `ms_menu` (`id_inc`) ON DELETE CASCADE ON UPDATE CASCADE,
  CONSTRAINT `fk_role` FOREIGN KEY (`ms_role_id`) REFERENCES `ms_role` (`id_inc`) ON DELETE CASCADE ON UPDATE CASCADE
) ENGINE = InnoDB AUTO_INCREMENT = 89 CHARACTER SET = latin1 COLLATE = latin1_swedish_ci ROW_FORMAT = Compact;

-- ----------------------------
-- Records of ms_privilege
-- ----------------------------
INSERT INTO `ms_privilege` VALUES (1, 1, 1, 1, NULL, NULL, NULL);
INSERT INTO `ms_privilege` VALUES (2, 1, 2, 1, 1, 1, 1);
INSERT INTO `ms_privilege` VALUES (3, 1, 3, 1, 1, 1, 1);
INSERT INTO `ms_privilege` VALUES (8, 1, 6, 1, 1, 1, 1);
INSERT INTO `ms_privilege` VALUES (9, 1, 7, 1, 1, 1, 1);
INSERT INTO `ms_privilege` VALUES (10, 1, 8, 1, 1, 1, NULL);
INSERT INTO `ms_privilege` VALUES (13, 1, 11, 1, 1, 1, 1);
INSERT INTO `ms_privilege` VALUES (33, 1, 19, 1, NULL, NULL, NULL);
INSERT INTO `ms_privilege` VALUES (37, 5, 1, 1, NULL, NULL, NULL);
INSERT INTO `ms_privilege` VALUES (38, 5, 2, 1, 1, 1, 1);
INSERT INTO `ms_privilege` VALUES (39, 5, 3, 1, 1, 1, 1);
INSERT INTO `ms_privilege` VALUES (40, 5, 6, 1, 1, 1, 1);
INSERT INTO `ms_privilege` VALUES (41, 5, 7, 1, 1, 1, 1);
INSERT INTO `ms_privilege` VALUES (42, 5, 8, 1, NULL, NULL, NULL);
INSERT INTO `ms_privilege` VALUES (43, 5, 11, 1, 1, 1, 1);
INSERT INTO `ms_privilege` VALUES (45, 5, 19, 1, NULL, NULL, NULL);
INSERT INTO `ms_privilege` VALUES (56, 1, 27, 1, 1, 1, 1);
INSERT INTO `ms_privilege` VALUES (57, 1, 28, 1, 1, 1, 1);
INSERT INTO `ms_privilege` VALUES (58, 1, 29, 1, 1, 1, 1);
INSERT INTO `ms_privilege` VALUES (59, 1, 30, 1, NULL, NULL, NULL);
INSERT INTO `ms_privilege` VALUES (60, 6, 1, NULL, NULL, NULL, NULL);
INSERT INTO `ms_privilege` VALUES (61, 6, 2, NULL, NULL, NULL, NULL);
INSERT INTO `ms_privilege` VALUES (62, 6, 3, NULL, NULL, NULL, NULL);
INSERT INTO `ms_privilege` VALUES (63, 6, 6, NULL, NULL, NULL, NULL);
INSERT INTO `ms_privilege` VALUES (64, 6, 7, NULL, NULL, NULL, NULL);
INSERT INTO `ms_privilege` VALUES (65, 6, 8, 1, NULL, NULL, NULL);
INSERT INTO `ms_privilege` VALUES (66, 6, 11, NULL, NULL, NULL, NULL);
INSERT INTO `ms_privilege` VALUES (67, 6, 19, NULL, NULL, NULL, NULL);
INSERT INTO `ms_privilege` VALUES (68, 6, 27, NULL, NULL, NULL, NULL);
INSERT INTO `ms_privilege` VALUES (69, 6, 28, NULL, NULL, NULL, NULL);
INSERT INTO `ms_privilege` VALUES (70, 6, 29, NULL, NULL, NULL, NULL);
INSERT INTO `ms_privilege` VALUES (71, 6, 30, NULL, NULL, NULL, NULL);
INSERT INTO `ms_privilege` VALUES (72, 6, 31, 1, NULL, NULL, NULL);
INSERT INTO `ms_privilege` VALUES (73, 1, 31, NULL, NULL, NULL, NULL);
INSERT INTO `ms_privilege` VALUES (74, 6, 32, 1, 1, 1, 1);
INSERT INTO `ms_privilege` VALUES (75, 1, 32, NULL, NULL, NULL, NULL);
INSERT INTO `ms_privilege` VALUES (76, 6, 33, 1, 1, 1, 1);
INSERT INTO `ms_privilege` VALUES (77, 6, 34, 1, 1, 1, 1);
INSERT INTO `ms_privilege` VALUES (78, 6, 35, 1, 1, 1, 1);
INSERT INTO `ms_privilege` VALUES (79, 6, 36, 1, 1, 1, 1);
INSERT INTO `ms_privilege` VALUES (80, 6, 37, 1, 1, 1, 1);
INSERT INTO `ms_privilege` VALUES (81, 6, 38, 1, 1, 1, 1);
INSERT INTO `ms_privilege` VALUES (82, 6, 39, 1, 1, 1, 1);
INSERT INTO `ms_privilege` VALUES (83, 6, 40, 1, 1, 1, 1);
INSERT INTO `ms_privilege` VALUES (84, 6, 41, 1, 1, 1, 1);
INSERT INTO `ms_privilege` VALUES (85, 6, 42, 1, 1, 1, 1);
INSERT INTO `ms_privilege` VALUES (86, 6, 43, 1, 1, 1, 1);
INSERT INTO `ms_privilege` VALUES (87, 6, 44, 1, 1, 1, 1);
INSERT INTO `ms_privilege` VALUES (88, 6, 45, 1, 1, 1, 1);

-- ----------------------------
-- Table structure for ms_role
-- ----------------------------
DROP TABLE IF EXISTS `ms_role`;
CREATE TABLE `ms_role`  (
  `id_inc` int(11) NOT NULL AUTO_INCREMENT,
  `nama_role` varchar(30) CHARACTER SET latin1 COLLATE latin1_swedish_ci NULL DEFAULT NULL,
  PRIMARY KEY (`id_inc`) USING BTREE
) ENGINE = InnoDB AUTO_INCREMENT = 8 CHARACTER SET = latin1 COLLATE = latin1_swedish_ci ROW_FORMAT = Compact;

-- ----------------------------
-- Records of ms_role
-- ----------------------------
INSERT INTO `ms_role` VALUES (1, 'Sys Admin');
INSERT INTO `ms_role` VALUES (5, 'devapp');
INSERT INTO `ms_role` VALUES (6, 'Pemohon');
INSERT INTO `ms_role` VALUES (7, 'Dinkes');

-- ----------------------------
-- Table structure for penduduk
-- ----------------------------
DROP TABLE IF EXISTS `penduduk`;
CREATE TABLE `penduduk`  (
  `PNIK` varchar(20) CHARACTER SET latin1 COLLATE latin1_swedish_ci NOT NULL,
  `PNAMA` varchar(100) CHARACTER SET latin1 COLLATE latin1_swedish_ci NULL DEFAULT NULL,
  `PTMPTLHR` varchar(30) CHARACTER SET latin1 COLLATE latin1_swedish_ci NULL DEFAULT NULL,
  `PTGLLHR` date NULL DEFAULT NULL,
  `PALAMAT` text CHARACTER SET latin1 COLLATE latin1_swedish_ci NULL,
  `PRW` varchar(3) CHARACTER SET latin1 COLLATE latin1_swedish_ci NULL DEFAULT NULL,
  `PKEL` varchar(35) CHARACTER SET latin1 COLLATE latin1_swedish_ci NULL DEFAULT NULL,
  `PKEC` varchar(35) CHARACTER SET latin1 COLLATE latin1_swedish_ci NULL DEFAULT NULL,
  `PPEKERJAAN` varchar(50) CHARACTER SET latin1 COLLATE latin1_swedish_ci NULL DEFAULT NULL,
  `PJENKEL` int(11) NULL DEFAULT NULL,
  `PNIKAH` varchar(20) CHARACTER SET latin1 COLLATE latin1_swedish_ci NULL DEFAULT NULL,
  `PAGAMA` varchar(20) CHARACTER SET latin1 COLLATE latin1_swedish_ci NULL DEFAULT NULL,
  `PPEND` varchar(35) CHARACTER SET latin1 COLLATE latin1_swedish_ci NULL DEFAULT NULL,
  `PNOKK` varchar(20) CHARACTER SET latin1 COLLATE latin1_swedish_ci NULL DEFAULT NULL,
  `PNMKK` varchar(100) CHARACTER SET latin1 COLLATE latin1_swedish_ci NULL DEFAULT NULL,
  `PNMAYAH` varchar(100) CHARACTER SET latin1 COLLATE latin1_swedish_ci NULL DEFAULT NULL,
  `PNMIBU` varchar(100) CHARACTER SET latin1 COLLATE latin1_swedish_ci NULL DEFAULT NULL,
  PRIMARY KEY (`PNIK`) USING BTREE
) ENGINE = InnoDB CHARACTER SET = latin1 COLLATE = latin1_swedish_ci ROW_FORMAT = Compact;

-- ----------------------------
-- Records of penduduk
-- ----------------------------
INSERT INTO `penduduk` VALUES ('3213070105850009', 'ANANG WIDHI ASWORO', 'BLITAR', '1985-05-01', 'JL. KURMA NO. 109', '001', 'Kepanjenkidul', 'Kepanjenkidul', 'KARYAWAN SWASTA', 1, 'KAWIN', 'ISLAM', 'SLTA/SEDERAJAT', '3572010107130002', 'ANANG WIDHI ASWORO', 'MARYANI', 'MASRIAH');
INSERT INTO `penduduk` VALUES ('3213075804850004', 'IIS SUMYATI', 'SUBANG', '1985-04-18', 'JL. KURMA NO. 109', '001', 'Kepanjenkidul', 'Kepanjenkidul', 'MENGURUS RUMAH TANGGA', 0, 'KAWIN', 'ISLAM', 'SLTA/SEDERAJAT', '3572010107130002', 'ANANG WIDHI ASWORO', 'SURCIM', 'ACEM');

-- ----------------------------
-- Table structure for statuspermohonan
-- ----------------------------
DROP TABLE IF EXISTS `statuspermohonan`;
CREATE TABLE `statuspermohonan`  (
  `STPID` int(11) NOT NULL,
  `STPKET` varchar(100) CHARACTER SET latin1 COLLATE latin1_swedish_ci NULL DEFAULT NULL,
  PRIMARY KEY (`STPID`) USING BTREE
) ENGINE = InnoDB CHARACTER SET = latin1 COLLATE = latin1_swedish_ci ROW_FORMAT = Compact;

-- ----------------------------
-- Records of statuspermohonan
-- ----------------------------
INSERT INTO `statuspermohonan` VALUES (1, 'Belum Diverifikasi');
INSERT INTO `statuspermohonan` VALUES (2, 'Sudah Diverifikasi');
INSERT INTO `statuspermohonan` VALUES (3, 'Belum Dibuat Rekomendasi');
INSERT INTO `statuspermohonan` VALUES (4, 'Sudah Dibuat Rekomendasi');
INSERT INTO `statuspermohonan` VALUES (5, 'Belum Keluar Ijin dari PTSP');
INSERT INTO `statuspermohonan` VALUES (6, 'Sudah Keluar Ijin dari PTSP');

-- ----------------------------
-- Table structure for suratpernyataan03
-- ----------------------------
DROP TABLE IF EXISTS `suratpernyataan03`;
CREATE TABLE `suratpernyataan03`  (
  `SPID` int(11) NOT NULL AUTO_INCREMENT,
  `FID3` int(11) NULL DEFAULT NULL,
  `SPNMGLR` varchar(100) CHARACTER SET latin1 COLLATE latin1_swedish_ci NULL DEFAULT NULL,
  `SPNOTELP` varchar(20) CHARACTER SET latin1 COLLATE latin1_swedish_ci NULL DEFAULT NULL,
  `SPEMAIL` varchar(65) CHARACTER SET latin1 COLLATE latin1_swedish_ci NULL DEFAULT NULL,
  `SPTLPFAX` varchar(35) CHARACTER SET latin1 COLLATE latin1_swedish_ci NULL DEFAULT NULL,
  `SPNOSTR` varchar(25) CHARACTER SET latin1 COLLATE latin1_swedish_ci NULL DEFAULT NULL,
  `SPSTRBERLAKU` date NULL DEFAULT NULL,
  `SPNMTMPAT` varchar(100) CHARACTER SET latin1 COLLATE latin1_swedish_ci NULL DEFAULT NULL,
  `SPALMTTMPAT` varchar(100) CHARACTER SET latin1 COLLATE latin1_swedish_ci NULL DEFAULT NULL,
  `SPHRPRKTK` varchar(100) CHARACTER SET latin1 COLLATE latin1_swedish_ci NULL DEFAULT NULL,
  `SPJMPRKTK` varchar(50) CHARACTER SET latin1 COLLATE latin1_swedish_ci NULL DEFAULT NULL,
  `SPTGLSRT` date NULL DEFAULT NULL,
  PRIMARY KEY (`SPID`) USING BTREE
) ENGINE = InnoDB AUTO_INCREMENT = 1 CHARACTER SET = latin1 COLLATE = latin1_swedish_ci ROW_FORMAT = Compact;

-- ----------------------------
-- Table structure for suratpernyataan13
-- ----------------------------
DROP TABLE IF EXISTS `suratpernyataan13`;
CREATE TABLE `suratpernyataan13`  (
  `SPID2` int(11) NOT NULL AUTO_INCREMENT,
  `FID13` int(11) NULL DEFAULT NULL,
  `SPNMGLR2` varchar(100) CHARACTER SET latin1 COLLATE latin1_swedish_ci NULL DEFAULT NULL,
  `SPNOTELP2` varchar(20) CHARACTER SET latin1 COLLATE latin1_swedish_ci NULL DEFAULT NULL,
  `SPEMAIL2` varchar(65) CHARACTER SET latin1 COLLATE latin1_swedish_ci NULL DEFAULT NULL,
  `SPTLPFAX2` varchar(35) CHARACTER SET latin1 COLLATE latin1_swedish_ci NULL DEFAULT NULL,
  `SPNOSTR2` varchar(25) CHARACTER SET latin1 COLLATE latin1_swedish_ci NULL DEFAULT NULL,
  `SPSTRBERLAKU2` date NULL DEFAULT NULL,
  `SPNMTMPAT2` varchar(100) CHARACTER SET latin1 COLLATE latin1_swedish_ci NULL DEFAULT NULL,
  `SPALMTTMPAT2` varchar(100) CHARACTER SET latin1 COLLATE latin1_swedish_ci NULL DEFAULT NULL,
  `SPHRPRKTK2` varchar(100) CHARACTER SET latin1 COLLATE latin1_swedish_ci NULL DEFAULT NULL,
  `SPJMPRKTK2` varchar(50) CHARACTER SET latin1 COLLATE latin1_swedish_ci NULL DEFAULT NULL,
  `SPTGLSRT2` date NULL DEFAULT NULL,
  PRIMARY KEY (`SPID2`) USING BTREE
) ENGINE = InnoDB AUTO_INCREMENT = 1 CHARACTER SET = latin1 COLLATE = latin1_swedish_ci ROW_FORMAT = Compact;

-- ----------------------------
-- View structure for list_menu
-- ----------------------------
DROP VIEW IF EXISTS `list_menu`;
CREATE ALGORITHM = UNDEFINED SQL SECURITY DEFINER VIEW `list_menu` AS select `menu`.`id_inc` AS `id_inc`,`menu`.`nama_menu` AS `nama_menu`,`menu`.`link_menu` AS `link_menu`,`menu`.`sort` AS `sort`,`menu`.`icon` AS `icon`,ifnull(`parents`.`nama_menu`,'Is Parent') AS `parent_menu` from (`ms_menu` `menu` left join `ms_menu` `parents` on((`menu`.`parent` = `parents`.`id_inc`))) order by `menu`.`parent`,`menu`.`sort` ;

-- ----------------------------
-- View structure for list_pengguna
-- ----------------------------
DROP VIEW IF EXISTS `list_pengguna`;
CREATE ALGORITHM = UNDEFINED SQL SECURITY DEFINER VIEW `list_pengguna` AS select `a`.`id_inc` AS `id_inc`,`a`.`nama_lengkap` AS `nama_lengkap`,`a`.`no_telepon` AS `no_telepon`,`a`.`email` AS `email`,`a`.`username` AS `username`,group_concat(`c`.`nama_role` separator ',') AS `role` from ((`ms_pengguna` `a` join `ms_assign_role` `b` on((`a`.`id_inc` = `b`.`ms_pengguna_id`))) join `ms_role` `c` on((`c`.`id_inc` = `b`.`ms_role_id`))) group by `a`.`id_inc`,`a`.`nama_lengkap`,`a`.`no_telepon`,`a`.`email`,`a`.`username` ; ;

SET FOREIGN_KEY_CHECKS = 1;
